num_orders,rolling_mean
124,
85,
71,
66,
43,
6,
12,
15,
34,
69,
64,
96,57.083333333333336
30,49.25
32,44.833333333333336
48,42.916666666666664
66,42.916666666666664
43,42.916666666666664
44,46.083333333333336
73,51.166666666666664
45,53.666666666666664
61,55.916666666666664
66,55.666666666666664
113,59.75
58,56.583333333333336
90,61.583333333333336
120,68.91666666666667
75,71.16666666666667
64,71.0
20,69.08333333333333
11,66.33333333333333
11,61.166666666666664
7,58.0
46,56.75
45,55.0
54,50.083333333333336
91,52.833333333333336
36,48.333333333333336
45,42.083333333333336
44,39.5
59,39.083333333333336
82,44.25
83,50.25
89,56.75
49,60.25
93,64.16666666666667
101,68.83333333333333
119,74.25
72,72.66666666666667
163,83.25
108,88.5
25,86.91666666666667
64,87.33333333333333
44,84.16666666666667
15,78.5
9,71.83333333333333
17,69.16666666666667
56,66.08333333333333
73,63.75
52,58.166666666666664
57,56.916666666666664
32,46.0
28,39.333333333333336
41,40.666666666666664
76,41.666666666666664
46,41.833333333333336
49,44.666666666666664
68,49.583333333333336
30,50.666666666666664
83,52.916666666666664
48,50.833333333333336
63,51.75
43,50.583333333333336
75,54.166666666666664
60,56.833333333333336
26,55.583333333333336
42,52.75
27,51.166666666666664
22,48.916666666666664
11,44.166666666666664
12,42.666666666666664
39,39.0
39,38.25
19,34.583333333333336
41,34.416666666666664
30,30.666666666666668
30,28.166666666666668
56,30.666666666666668
58,32.0
64,35.083333333333336
51,37.5
80,43.25
56,46.916666666666664
77,50.083333333333336
75,53.083333333333336
83,58.416666666666664
68,60.666666666666664
86,65.33333333333333
176,77.5
32,75.5
51,74.91666666666667
34,72.41666666666667
16,69.5
3,63.083333333333336
14,59.583333333333336
31,55.75
59,54.416666666666664
50,51.666666666666664
62,51.166666666666664
85,51.083333333333336
37,39.5
58,41.666666666666664
45,41.166666666666664
59,43.25
37,45.0
86,51.916666666666664
37,53.833333333333336
40,54.583333333333336
42,53.166666666666664
72,55.0
47,53.75
42,50.166666666666664
75,53.333333333333336
36,51.5
49,51.833333333333336
30,49.416666666666664
36,49.333333333333336
7,42.75
10,40.5
25,39.25
52,40.083333333333336
51,38.333333333333336
48,38.416666666666664
41,38.333333333333336
42,35.583333333333336
40,35.916666666666664
63,37.083333333333336
42,38.083333333333336
52,39.416666666666664
51,43.083333333333336
48,46.25
83,51.083333333333336
58,51.583333333333336
81,54.083333333333336
47,54.0
100,58.916666666666664
121,65.5
24,64.16666666666667
66,64.41666666666667
73,67.0
10,63.5
19,60.833333333333336
17,58.25
38,54.5
50,53.833333333333336
34,49.916666666666664
58,50.833333333333336
34,45.333333333333336
55,39.833333333333336
43,41.416666666666664
51,40.166666666666664
46,37.916666666666664
48,41.083333333333336
99,47.75
50,50.5
76,53.666666666666664
108,58.5
127,66.25
94,69.25
143,78.33333333333333
78,80.25
65,82.08333333333333
68,83.5
60,84.66666666666667
6,81.16666666666667
6,73.41666666666667
19,70.83333333333333
77,70.91666666666667
97,70.0
68,65.08333333333333
80,63.916666666666664
48,56.0
47,53.416666666666664
62,53.166666666666664
78,54.0
96,57.0
41,59.916666666666664
81,66.16666666666667
72,70.58333333333333
114,73.66666666666667
86,72.75
88,74.41666666666667
79,74.33333333333333
84,77.33333333333333
66,78.91666666666667
29,76.16666666666667
31,72.25
30,66.75
1,63.416666666666664
4,57.0
16,52.333333333333336
36,45.833333333333336
43,42.25
43,38.5
49,36.0
24,31.0
48,29.5
55,31.666666666666668
44,32.75
59,35.166666666666664
66,40.583333333333336
39,43.5
48,46.166666666666664
60,48.166666666666664
70,50.416666666666664
82,53.666666666666664
49,53.666666666666664
117,61.416666666666664
78,63.916666666666664
24,61.333333333333336
44,61.333333333333336
46,60.25
12,55.75
5,52.916666666666664
18,50.416666666666664
46,49.25
43,47.0
48,44.166666666666664
58,44.916666666666664
34,38.0
47,35.416666666666664
37,36.5
93,40.583333333333336
53,41.166666666666664
60,45.166666666666664
102,53.25
33,54.5
54,55.166666666666664
62,56.75
80,59.416666666666664
73,60.666666666666664
81,64.58333333333333
83,67.58333333333333
36,67.5
49,63.833333333333336
30,61.916666666666664
11,57.833333333333336
16,50.666666666666664
14,49.083333333333336
43,48.166666666666664
66,48.5
56,46.5
51,44.666666666666664
50,42.083333333333336
80,41.833333333333336
72,44.833333333333336
60,45.75
93,51.0
78,56.583333333333336
107,64.16666666666667
99,71.25
99,75.91666666666667
119,80.33333333333333
89,83.08333333333333
118,88.66666666666667
102,93.0
153,99.08333333333333
57,97.83333333333333
51,97.08333333333333
49,93.41666666666667
31,89.5
15,81.83333333333333
19,75.16666666666667
75,73.16666666666667
105,72.0
83,71.5
84,68.66666666666667
45,63.916666666666664
64,56.5
58,56.583333333333336
73,58.416666666666664
61,59.416666666666664
94,64.66666666666667
107,72.33333333333333
45,74.5
46,72.08333333333333
81,70.08333333333333
67,68.75
57,66.5
91,70.33333333333333
88,72.33333333333333
58,72.33333333333333
63,71.5
42,69.91666666666667
17,63.5
15,55.833333333333336
20,53.75
57,54.666666666666664
44,51.583333333333336
53,50.416666666666664
75,51.916666666666664
34,47.166666666666664
40,43.166666666666664
50,42.5
69,43.0
64,44.833333333333336
35,46.333333333333336
109,54.166666666666664
40,55.833333333333336
91,58.666666666666664
77,61.416666666666664
62,62.166666666666664
75,62.166666666666664
84,66.33333333333333
72,69.0
39,68.08333333333333
57,67.08333333333333
21,63.5
15,61.833333333333336
19,54.333333333333336
8,51.666666666666664
35,47.0
60,45.583333333333336
46,44.25
58,42.833333333333336
41,39.25
67,38.833333333333336
72,41.583333333333336
51,41.083333333333336
59,44.25
57,47.75
65,51.583333333333336
46,54.75
83,58.75
77,60.166666666666664
81,63.083333333333336
65,63.666666666666664
123,70.5
85,72.0
55,70.58333333333333
42,69.83333333333333
15,66.16666666666667
20,63.083333333333336
5,58.083333333333336
17,55.666666666666664
33,51.5
65,50.5
54,48.25
58,47.666666666666664
57,42.166666666666664
46,38.916666666666664
64,39.666666666666664
67,41.75
60,45.5
60,48.833333333333336
72,54.416666666666664
49,57.083333333333336
94,62.166666666666664
57,61.5
85,64.08333333333333
101,67.66666666666667
110,72.08333333333333
134,79.41666666666667
39,77.33333333333333
27,74.0
47,72.91666666666667
12,68.91666666666667
5,63.333333333333336
22,61.083333333333336
56,57.916666666666664
44,56.833333333333336
85,56.833333333333336
61,53.5
54,48.833333333333336
43,41.25
67,43.583333333333336
49,45.416666666666664
88,48.833333333333336
59,52.75
73,58.416666666666664
65,62.0
86,64.5
133,71.91666666666667
118,74.66666666666667
100,77.91666666666667
137,84.83333333333333
126,91.75
38,89.33333333333333
67,90.83333333333333
32,86.16666666666667
45,85.0
6,79.41666666666667
13,75.08333333333333
51,72.16666666666667
70,66.91666666666667
58,61.916666666666664
61,58.666666666666664
49,51.333333333333336
43,44.416666666666664
65,46.666666666666664
82,47.916666666666664
53,49.666666666666664
41,49.333333333333336
83,55.75
34,57.5
57,58.0
64,57.5
60,57.666666666666664
52,56.916666666666664
70,58.666666666666664
77,61.5
36,59.083333333333336
35,55.166666666666664
20,52.416666666666664
25,51.083333333333336
5,44.583333333333336
15,43.0
33,41.0
58,40.5
32,38.166666666666664
16,35.166666666666664
32,32.0
69,31.333333333333332
55,32.916666666666664
72,36.0
52,38.666666666666664
40,39.916666666666664
75,45.75
66,50.0
54,51.75
81,53.666666666666664
62,56.166666666666664
88,62.166666666666664
97,67.58333333333333
163,75.41666666666667
20,72.5
65,71.91666666666667
46,71.41666666666667
10,68.91666666666667
10,63.5
12,59.0
40,57.833333333333336
73,57.166666666666664
69,57.75
83,57.333333333333336
39,52.5
45,42.666666666666664
50,45.166666666666664
48,43.75
44,43.583333333333336
65,48.166666666666664
57,52.083333333333336
34,53.916666666666664
56,55.25
39,52.416666666666664
66,52.166666666666664
84,52.25
82,55.833333333333336
100,60.416666666666664
39,59.5
50,59.666666666666664
43,59.583333333333336
5,54.583333333333336
7,50.416666666666664
14,48.75
30,46.583333333333336
53,47.75
58,47.083333333333336
43,43.666666666666664
30,39.333333333333336
44,34.666666666666664
29,33.833333333333336
74,35.833333333333336
75,38.5
51,42.333333333333336
97,49.833333333333336
45,52.416666666666664
67,55.5
47,55.0
55,54.75
69,56.916666666666664
71,60.333333333333336
85,63.75
35,64.25
51,62.333333333333336
21,57.833333333333336
15,54.833333333333336
12,47.75
10,44.833333333333336
39,42.5
56,43.25
57,43.416666666666664
71,43.583333333333336
37,40.75
64,39.0
46,39.916666666666664
57,40.416666666666664
61,43.75
61,47.583333333333336
95,54.5
41,57.083333333333336
60,58.833333333333336
65,59.583333333333336
73,60.916666666666664
53,59.416666666666664
139,67.91666666666667
101,71.0
28,69.5
75,71.0
25,68.0
21,64.66666666666667
3,57.0
11,54.5
41,52.916666666666664
76,53.833333333333336
61,52.833333333333336
87,55.666666666666664
33,46.833333333333336
40,41.75
44,43.083333333333336
106,45.666666666666664
57,48.333333333333336
72,52.583333333333336
94,60.166666666666664
53,63.666666666666664
81,67.0
62,65.83333333333333
94,68.58333333333333
77,67.75
90,72.5
92,76.83333333333333
71,79.08333333333333
42,73.75
40,72.33333333333333
17,67.75
7,60.5
18,57.583333333333336
33,53.583333333333336
88,55.75
86,55.083333333333336
78,55.166666666666664
37,50.75
71,49.0
48,47.083333333333336
63,48.833333333333336
67,51.083333333333336
114,59.166666666666664
114,68.08333333333333
91,74.16666666666667
78,77.91666666666667
143,82.5
78,81.83333333333333
105,84.08333333333333
148,93.33333333333333
182,102.58333333333333
75,104.83333333333333
57,104.33333333333333
36,101.75
27,94.5
18,86.5
15,80.16666666666667
52,78.0
80,72.75
79,72.83333333333333
60,69.08333333333333
47,60.666666666666664
40,48.833333333333336
38,45.75
78,47.5
58,49.333333333333336
43,50.666666666666664
73,55.25
40,57.333333333333336
73,59.083333333333336
57,57.166666666666664
82,57.416666666666664
63,57.666666666666664
62,58.916666666666664
108,64.58333333333333
43,65.0
49,62.583333333333336
35,60.666666666666664
12,58.083333333333336
22,53.833333333333336
9,51.25
46,49.0
72,50.25
48,47.416666666666664
35,45.083333333333336
34,42.75
38,36.916666666666664
54,37.833333333333336
54,38.25
90,42.833333333333336
36,44.833333333333336
46,46.833333333333336
68,51.75
73,54.0
85,55.083333333333336
104,59.75
113,66.25
131,74.33333333333333
176,85.83333333333333
69,87.08333333333333
70,88.41666666666667
48,84.91666666666667
17,83.33333333333333
11,80.41666666666667
5,75.16666666666667
59,74.0
52,71.25
89,70.0
89,68.0
58,61.916666666666664
50,51.416666666666664
33,48.416666666666664
86,49.75
92,53.416666666666664
48,56.0
29,57.5
58,61.916666666666664
55,61.583333333333336
57,62.0
80,61.25
99,62.083333333333336
98,65.41666666666667
49,65.33333333333333
46,66.41666666666667
53,63.666666666666664
34,58.833333333333336
7,55.416666666666664
2,53.166666666666664
18,49.833333333333336
69,51.0
32,48.916666666666664
84,49.25
59,45.916666666666664
41,41.166666666666664
24,39.083333333333336
55,39.833333333333336
73,41.5
82,45.5
51,49.166666666666664
25,51.083333333333336
61,54.666666666666664
59,53.833333333333336
39,54.416666666666664
45,51.166666666666664
118,56.083333333333336
95,60.583333333333336
57,63.333333333333336
51,63.0
55,61.5
35,57.583333333333336
15,54.583333333333336
14,53.666666666666664
20,50.25
88,52.666666666666664
52,53.75
77,56.416666666666664
51,50.833333333333336
45,46.666666666666664
37,45.0
42,44.25
45,43.416666666666664
84,47.5
55,50.833333333333336
50,53.833333333333336
49,56.25
74,55.083333333333336
76,57.083333333333336
72,56.666666666666664
105,61.166666666666664
112,66.75
80,70.33333333333333
49,70.91666666666667
49,71.25
58,69.08333333333333
16,65.83333333333333
7,62.25
13,59.25
61,58.166666666666664
61,56.916666666666664
72,56.916666666666664
81,54.916666666666664
33,48.333333333333336
51,45.916666666666664
40,45.166666666666664
74,47.25
120,52.416666666666664
31,53.666666666666664
44,56.75
52,60.0
64,60.25
63,60.416666666666664
60,59.416666666666664
109,61.75
91,66.58333333333333
85,69.41666666666667
45,69.83333333333333
75,69.91666666666667
39,63.166666666666664
15,61.833333333333336
2,58.333333333333336
20,55.666666666666664
55,54.916666666666664
57,54.416666666666664
103,58.0
97,57.0
38,52.583333333333336
61,50.583333333333336
51,51.083333333333336
69,50.583333333333336
99,55.583333333333336
47,58.25
39,61.333333333333336
64,65.0
76,66.75
82,68.83333333333333
109,69.33333333333333
106,70.08333333333333
128,77.58333333333333
89,79.91666666666667
50,79.83333333333333
62,79.25
42,74.5
42,74.08333333333333
7,71.41666666666667
20,67.75
56,66.08333333333333
65,64.66666666666667
48,59.583333333333336
99,59.0
24,50.333333333333336
80,49.583333333333336
38,48.583333333333336
96,51.416666666666664
74,54.083333333333336
35,53.5
68,58.583333333333336
70,62.75
59,63.0
53,62.0
82,64.83333333333333
63,61.833333333333336
85,66.91666666666667
42,63.75
34,63.416666666666664
24,57.416666666666664
39,54.5
28,53.916666666666664
7,48.833333333333336
9,43.75
42,42.333333333333336
59,42.833333333333336
66,41.5
68,41.916666666666664
33,37.583333333333336
46,37.916666666666664
44,38.75
50,40.916666666666664
100,46.0
50,47.833333333333336
53,51.666666666666664
58,55.75
50,56.416666666666664
75,57.75
106,61.083333333333336
80,62.083333333333336
166,73.16666666666667
101,77.75
57,78.83333333333333
47,78.58333333333333
33,73.0
33,71.58333333333333
20,68.83333333333333
7,64.58333333333333
62,65.58333333333333
57,64.08333333333333
111,64.5
82,64.66666666666667
57,55.583333333333336
64,52.5
33,50.5
98,54.75
78,58.5
32,58.416666666666664
64,62.083333333333336
40,64.83333333333333
42,63.166666666666664
41,61.833333333333336
66,58.083333333333336
77,57.666666666666664
99,61.166666666666664
36,58.833333333333336
48,60.083333333333336
62,57.083333333333336
18,52.083333333333336
10,50.25
1,45.0
11,42.583333333333336
40,42.416666666666664
37,42.083333333333336
51,40.833333333333336
62,39.583333333333336
33,34.083333333333336
57,35.833333333333336
54,36.333333333333336
57,35.916666666666664
83,41.333333333333336
38,43.666666666666664
29,46.0
72,51.083333333333336
37,50.833333333333336
45,51.5
53,51.666666666666664
73,52.583333333333336
77,56.25
34,54.333333333333336
40,53.166666666666664
68,54.083333333333336
28,49.5
12,47.333333333333336
10,45.75
23,41.666666666666664
43,42.166666666666664
56,43.083333333333336
69,44.416666666666664
66,43.833333333333336
33,40.166666666666664
53,41.75
48,42.416666666666664
66,42.25
72,45.916666666666664
35,47.833333333333336
42,50.5
83,55.5
54,56.416666666666664
56,56.416666666666664
79,57.25
90,59.25
114,66.0
53,66.0
54,66.5
64,66.33333333333333
50,64.5
16,62.916666666666664
1,59.5
17,54.0
41,52.916666666666664
61,53.333333333333336
66,52.25
77,51.166666666666664
22,43.5
48,43.083333333333336
34,41.416666666666664
66,41.583333333333336
98,45.583333333333336
38,47.416666666666664
45,51.083333333333336
35,52.583333333333336
61,54.25
63,54.416666666666664
89,56.333333333333336
96,57.916666666666664
83,63.0
70,64.83333333333333
45,65.75
54,64.75
52,60.916666666666664
11,58.666666666666664
0,54.916666666666664
31,54.583333333333336
58,54.333333333333336
66,54.583333333333336
72,53.166666666666664
101,53.583333333333336
50,50.833333333333336
44,48.666666666666664
59,49.833333333333336
86,52.5
98,56.333333333333336
79,62.0
49,66.08333333333333
63,68.75
105,72.66666666666667
109,76.25
176,84.91666666666667
118,86.33333333333333
129,92.91666666666667
67,94.83333333333333
67,95.5
78,94.83333333333333
20,88.33333333333333
37,84.83333333333333
17,82.16666666666667
18,78.41666666666667
63,74.91666666666667
41,69.25
54,59.083333333333336
85,56.333333333333336
42,49.083333333333336
49,47.583333333333336
47,45.916666666666664
69,45.166666666666664
100,51.833333333333336
36,51.75
42,53.833333333333336
80,59.0
40,57.083333333333336
57,58.416666666666664
53,58.333333333333336
46,55.083333333333336
52,55.916666666666664
53,56.25
38,55.5
53,54.166666666666664
31,48.416666666666664
14,46.583333333333336
7,43.666666666666664
8,37.666666666666664
52,38.666666666666664
37,37.0
39,35.833333333333336
36,35.0
37,33.75
47,33.25
60,35.083333333333336
71,36.583333333333336
75,40.25
36,42.083333333333336
76,47.833333333333336
78,53.666666666666664
43,52.916666666666664
101,58.25
99,63.25
98,68.41666666666667
164,79.0
119,85.0
56,84.66666666666667
68,84.41666666666667
52,82.5
12,80.5
23,76.08333333333333
26,71.75
61,73.25
81,71.58333333333333
103,71.91666666666667
79,70.33333333333333
64,62.0
57,56.833333333333336
77,58.583333333333336
56,57.583333333333336
81,60.0
44,62.666666666666664
28,63.083333333333336
62,66.08333333333333
57,65.75
46,62.833333333333336
72,60.25
66,59.166666666666664
88,61.166666666666664
51,60.666666666666664
45,58.0
47,57.25
16,51.833333333333336
3,48.416666666666664
2,46.25
17,42.5
53,42.166666666666664
48,42.333333333333336
92,44.0
90,46.0
41,42.083333333333336
38,41.0
59,42.166666666666664
50,42.416666666666664
89,48.5
66,53.75
48,57.583333333333336
71,62.083333333333336
58,62.5
53,62.916666666666664
52,59.583333333333336
79,58.666666666666664
99,63.5
49,64.41666666666667
53,63.916666666666664
86,66.91666666666667
25,61.583333333333336
23,58.0
9,54.75
20,50.5
60,50.666666666666664
49,50.333333333333336
113,55.416666666666664
93,56.583333333333336
53,52.75
41,52.083333333333336
58,52.5
65,50.75
84,55.666666666666664
23,55.666666666666664
49,59.0
82,64.16666666666667
60,64.16666666666667
43,63.666666666666664
113,63.666666666666664
98,64.08333333333333
85,66.75
73,69.41666666666667
76,70.91666666666667
72,71.5
30,67.0
3,65.33333333333333
2,61.416666666666664
5,55.0
67,55.583333333333336
78,58.5
103,57.666666666666664
74,55.666666666666664
41,52.0
61,51.0
76,51.0
72,51.0
119,58.416666666666664
46,62.0
66,67.33333333333333
48,70.91666666666667
55,69.91666666666667
68,69.08333333333333
83,67.41666666666667
88,68.58333333333333
113,74.58333333333333
67,75.08333333333333
39,72.0
73,72.08333333333333
59,67.08333333333333
26,65.41666666666667
9,60.666666666666664
38,59.833333333333336
60,60.25
46,58.416666666666664
104,60.166666666666664
69,58.583333333333336
47,53.083333333333336
47,51.416666666666664
57,52.916666666666664
88,54.166666666666664
95,57.166666666666664
71,60.916666666666664
73,66.25
80,69.75
106,73.58333333333333
84,76.75
128,78.75
105,81.75
153,90.58333333333333
104,95.33333333333333
52,94.91666666666667
75,93.83333333333333
62,91.08333333333333
16,86.5
14,81.58333333333333
40,78.25
84,76.41666666666667
62,74.58333333333333
58,68.75
73,66.08333333333333
31,55.916666666666664
62,52.416666666666664
71,54.0
65,53.166666666666664
95,55.916666666666664
43,58.166666666666664
61,62.083333333333336
110,67.91666666666667
42,64.41666666666667
32,61.916666666666664
84,64.08333333333333
48,62.0
106,68.25
33,65.83333333333333
54,64.41666666666667
82,65.83333333333333
15,59.166666666666664
26,57.75
8,53.333333333333336
6,44.666666666666664
49,45.25
56,47.25
45,44.0
48,44.0
35,38.083333333333336
43,38.916666666666664
46,38.25
64,36.75
92,43.166666666666664
38,44.166666666666664
56,48.166666666666664
97,55.75
66,57.166666666666664
94,60.333333333333336
104,65.25
119,71.16666666666667
165,82.0
109,87.5
79,90.25
77,91.33333333333333
37,86.75
31,86.16666666666667
13,82.58333333333333
22,76.33333333333333
69,76.58333333333333
72,74.75
138,77.58333333333333
81,74.41666666666667
52,65.0
74,62.083333333333336
58,60.333333333333336
71,59.833333333333336
104,65.41666666666667
59,67.75
63,71.91666666666667
64,75.41666666666667
75,75.91666666666667
47,73.83333333333333
73,68.41666666666667
80,68.33333333333333
85,71.08333333333333
78,71.41666666666667
68,72.25
39,69.58333333333333
38,64.08333333333333
4,59.5
6,54.75
33,52.166666666666664
74,52.083333333333336
44,51.833333333333336
82,52.583333333333336
78,52.416666666666664
32,48.0
57,46.25
46,44.416666666666664
59,46.083333333333336
98,51.083333333333336
51,55.0
49,58.583333333333336
71,61.75
82,62.416666666666664
80,65.41666666666667
71,64.5
84,65.0
84,69.33333333333333
57,69.33333333333333
91,73.08333333333333
89,75.58333333333333
32,70.08333333333333
15,67.08333333333333
14,64.16666666666667
30,60.75
73,60.0
79,59.916666666666664
84,61.0
63,59.25
54,56.75
63,57.25
55,54.25
74,53.0
101,58.75
44,61.166666666666664
42,63.5
67,66.58333333333333
53,64.91666666666667
98,66.5
77,65.91666666666667
142,72.5
159,81.25
37,79.08333333333333
94,82.33333333333333
103,84.75
41,79.75
24,78.08333333333333
3,74.83333333333333
26,71.41666666666667
68,72.66666666666667
62,69.66666666666667
72,69.25
50,61.583333333333336
45,52.083333333333336
42,52.5
38,47.833333333333336
93,47.0
115,53.166666666666664
69,56.916666666666664
43,60.25
62,63.25
60,62.583333333333336
67,63.0
97,65.08333333333333
62,66.08333333333333
130,73.16666666666667
65,75.08333333333333
77,78.33333333333333
79,77.16666666666667
54,72.08333333333333
17,67.75
7,64.75
26,61.75
74,62.916666666666664
47,61.25
96,61.166666666666664
87,63.25
39,55.666666666666664
67,55.833333333333336
47,53.333333333333336
93,54.5
96,58.0
60,61.583333333333336
62,66.16666666666667
51,68.25
135,73.33333333333333
114,78.91666666666667
150,83.41666666666667
96,84.16666666666667
167,94.83333333333333
119,99.16666666666667
110,104.41666666666667
70,102.5
80,101.16666666666667
43,99.75
25,96.66666666666667
24,94.41666666666667
55,87.75
78,84.75
76,78.58333333333333
55,75.16666666666667
41,64.66666666666667
58,59.583333333333336
67,56.0
81,56.916666666666664
81,57.0
61,58.5
45,60.166666666666664
70,64.0
67,65.0
57,63.25
46,60.75
77,62.583333333333336
111,68.41666666666667
59,68.5
102,71.41666666666667
93,72.41666666666667
40,69.0
26,66.08333333333333
9,63.083333333333336
9,58.0
61,57.5
56,57.416666666666664
48,57.583333333333336
50,55.333333333333336
39,49.333333333333336
42,47.916666666666664
37,42.5
90,42.25
109,48.0
51,50.083333333333336
68,55.0
53,58.666666666666664
65,59.0
100,62.666666666666664
121,68.75
128,75.25
147,84.25
74,86.91666666666667
129,94.58333333333333
56,91.75
59,87.58333333333333
23,85.25
35,82.5
19,79.66666666666667
78,80.75
67,78.0
104,76.58333333333333
51,70.16666666666667
39,61.166666666666664
71,60.916666666666664
78,56.666666666666664
94,59.833333333333336
123,65.16666666666667
76,69.58333333333333
43,70.25
56,73.33333333333333
53,71.25
53,70.08333333333333
97,69.5
60,70.25
253,88.08333333333333
77,88.58333333333333
83,89.0
76,87.5
28,79.58333333333333
36,76.25
2,72.83333333333333
17,69.58333333333333
54,69.66666666666667
58,70.08333333333333
74,68.16666666666667
71,69.08333333333333
40,51.333333333333336
37,48.0
46,44.916666666666664
52,42.916666666666664
87,47.833333333333336
70,50.666666666666664
67,56.083333333333336
64,60.0
52,59.833333333333336
99,63.25
62,62.25
86,63.5
119,70.08333333333333
37,70.08333333333333
68,71.91666666666667
52,71.91666666666667
38,67.83333333333333
38,65.16666666666667
6,60.083333333333336
27,57.0
58,57.5
61,54.333333333333336
113,58.583333333333336
68,57.083333333333336
42,50.666666666666664
49,51.666666666666664
40,49.333333333333336
77,51.416666666666664
102,56.75
53,58.0
34,60.333333333333336
65,63.5
78,65.16666666666667
88,67.41666666666667
97,66.08333333333333
140,72.08333333333333
159,81.83333333333333
51,82.0
73,84.75
114,87.83333333333333
58,84.16666666666667
19,81.33333333333333
7,79.08333333333333
15,74.91666666666667
63,73.66666666666667
73,72.41666666666667
73,70.41666666666667
57,63.5
48,54.25
69,55.75
51,53.916666666666664
59,49.333333333333336
115,54.083333333333336
59,57.416666666666664
57,61.583333333333336
46,64.16666666666667
63,64.16666666666667
89,65.5
104,68.08333333333333
118,73.16666666666667
121,79.25
54,78.0
73,79.83333333333333
117,84.66666666666667
59,80.0
26,77.25
6,73.0
21,70.91666666666667
62,70.83333333333333
102,71.91666666666667
114,72.75
77,69.33333333333333
63,64.5
53,64.41666666666667
88,65.66666666666667
64,61.25
91,63.916666666666664
96,69.75
70,75.08333333333333
55,77.91666666666667
84,79.75
92,78.91666666666667
172,83.75
72,83.33333333333333
164,91.75
128,98.0
112,100.0
65,100.08333333333333
52,96.83333333333333
24,90.83333333333333
27,87.25
28,85.0
92,85.66666666666667
103,86.58333333333333
52,76.58333333333333
78,77.08333333333333
37,66.5
73,61.916666666666664
47,56.5
95,59.0
102,63.166666666666664
66,66.66666666666667
65,69.83333333333333
88,74.83333333333333
98,75.33333333333333
74,72.91666666666667
116,78.25
107,80.66666666666667
129,88.33333333333333
83,89.16666666666667
112,94.58333333333333
121,96.75
76,94.58333333333333
15,90.33333333333333
5,85.33333333333333
18,79.5
81,78.08333333333333
81,78.66666666666667
76,75.33333333333333
76,72.75
52,66.33333333333333
62,64.58333333333333
62,60.416666666666664
85,57.416666666666664
130,61.916666666666664
52,65.0
65,70.0
60,73.5
67,72.33333333333333
83,72.5
134,77.33333333333333
125,81.41666666666667
162,90.58333333333333
77,91.83333333333333
91,94.25
80,93.83333333333333
43,86.58333333333333
25,84.33333333333333
32,81.58333333333333
21,78.33333333333333
69,78.5
91,79.16666666666667
120,78.0
63,72.83333333333333
49,63.416666666666664
62,62.166666666666664
49,58.666666666666664
62,57.166666666666664
100,61.916666666666664
68,65.5
57,67.58333333333333
65,71.25
61,70.58333333333333
88,70.33333333333333
85,67.41666666666667
77,68.58333333333333
81,71.25
74,72.25
55,72.75
84,74.58333333333333
77,72.66666666666667
25,69.08333333333333
5,64.75
6,59.833333333333336
49,58.833333333333336
66,57.0
53,54.333333333333336
43,51.5
40,48.083333333333336
34,44.75
61,45.25
82,45.083333333333336
74,44.833333333333336
43,46.333333333333336
44,49.583333333333336
77,55.5
38,54.583333333333336
81,55.833333333333336
70,57.25
69,59.416666666666664
138,67.58333333333333
45,68.5
62,68.58333333333333
59,66.66666666666667
30,63.0
25,61.5
14,59.0
20,54.25
68,56.75
57,54.75
57,53.666666666666664
43,51.5
35,42.916666666666664
73,45.25
54,44.583333333333336
65,45.083333333333336
113,52.0
67,55.5
39,57.583333333333336
77,62.333333333333336
92,64.33333333333333
94,67.41666666666667
118,72.5
131,79.83333333333333
201,93.66666666666667
125,98.0
136,104.83333333333333
110,108.58333333333333
60,104.16666666666667
33,101.33333333333333
5,98.5
21,93.83333333333333
85,93.25
83,92.33333333333333
95,90.41666666666667
73,85.58333333333333
58,73.66666666666667
54,67.75
56,61.083333333333336
76,58.25
104,61.916666666666664
63,64.41666666666667
56,68.66666666666667
55,71.5
48,68.41666666666667
75,67.75
65,65.25
85,66.25
121,71.5
54,71.5
74,73.0
52,71.0
16,63.666666666666664
17,59.833333333333336
29,57.583333333333336
13,54.083333333333336
57,54.833333333333336
40,51.916666666666664
83,53.416666666666664
75,52.583333333333336
34,45.333333333333336
67,46.416666666666664
97,48.333333333333336
55,48.583333333333336
96,55.25
54,58.333333333333336
48,59.916666666666664
72,64.83333333333333
68,65.75
75,68.66666666666667
82,68.58333333333333
90,69.83333333333333
104,75.66666666666667
76,76.41666666666667
75,74.58333333333333
99,78.25
30,72.75
18,69.75
19,67.33333333333333
21,63.083333333333336
51,61.666666666666664
59,60.333333333333336
39,56.75
44,52.916666666666664
24,46.25
48,43.916666666666664
84,44.666666666666664
71,42.333333333333336
117,49.583333333333336
33,50.833333333333336
55,53.833333333333336
63,57.333333333333336
64,58.416666666666664
66,59.0
75,62.0
72,64.33333333333333
79,68.91666666666667
82,71.75
87,72.0
71,72.0
74,68.41666666666667
20,67.33333333333333
4,63.083333333333336
18,59.333333333333336
66,59.5
44,57.666666666666664
45,55.166666666666664
38,52.333333333333336
55,50.333333333333336
69,49.25
76,48.333333333333336
96,50.416666666666664
100,52.583333333333336
66,56.416666666666664
57,60.833333333333336
63,64.58333333333333
107,68.0
110,73.5
73,75.83333333333333
146,84.83333333333333
154,93.08333333333333
89,94.75
154,101.25
105,102.0
68,99.33333333333333
22,95.66666666666667
18,92.41666666666667
31,89.75
75,87.08333333333333
63,83.16666666666667
97,85.16666666666667
78,79.5
53,71.08333333333333
52,68.0
79,61.75
62,58.166666666666664
123,62.75
70,66.75
50,69.41666666666667
80,73.5
56,71.91666666666667
68,72.33333333333333
56,68.91666666666667
67,68.0
85,70.66666666666667
52,70.66666666666667
104,72.75
83,74.5
33,67.0
25,63.25
7,59.666666666666664
35,55.916666666666664
77,57.666666666666664
49,56.083333333333336
37,54.5
31,51.5
31,47.0
71,48.583333333333336
44,43.583333333333336
102,45.166666666666664
119,52.333333333333336
48,54.25
30,56.166666666666664
68,58.916666666666664
74,58.666666666666664
82,61.416666666666664
58,63.166666666666664
67,66.16666666666667
121,73.66666666666667
62,72.91666666666667
78,75.75
123,77.5
35,70.5
23,68.41666666666667
16,67.25
16,62.916666666666664
55,61.333333333333336
66,60.0
43,58.75
36,56.166666666666664
44,49.75
47,48.5
52,46.333333333333336
106,44.916666666666664
107,50.916666666666664
70,54.833333333333336
39,56.75
50,59.583333333333336
108,64.0
72,64.5
66,66.41666666666667
90,70.91666666666667
107,76.16666666666667
74,78.41666666666667
118,83.91666666666667
167,89.0
54,84.58333333333333
39,82.0
18,80.25
38,79.25
61,75.33333333333333
54,73.83333333333333
130,79.16666666666667
73,77.75
52,73.16666666666667
52,71.33333333333333
90,69.0
67,60.666666666666664
109,65.25
57,66.75
81,72.0
45,72.58333333333333
75,73.75
60,74.25
53,67.83333333333333
71,67.66666666666667
107,72.25
76,74.25
93,74.5
69,74.66666666666667
24,67.58333333333333
27,65.08333333333333
52,62.666666666666664
14,60.083333333333336
60,58.833333333333336
66,59.333333333333336
83,61.833333333333336
84,62.916666666666664
48,58.0
60,56.666666666666664
55,53.5
84,54.75
92,60.416666666666664
88,65.5
58,66.0
73,70.91666666666667
76,72.25
94,74.58333333333333
95,75.58333333333333
119,78.5
145,86.58333333333333
66,87.08333333333333
163,96.08333333333333
110,98.25
41,94.0
40,90.0
13,86.25
17,81.58333333333333
58,80.08333333333333
59,77.16666666666667
49,73.33333333333333
71,69.33333333333333
37,60.333333333333336
59,59.75
77,52.583333333333336
113,52.833333333333336
88,56.75
69,59.166666666666664
42,61.583333333333336
75,66.41666666666667
73,67.66666666666667
57,67.5
58,68.25
71,68.25
95,73.08333333333333
59,73.08333333333333
71,72.58333333333333
155,76.08333333333333
61,73.83333333333333
24,70.08333333333333
23,68.5
13,63.333333333333336
84,64.25
43,63.083333333333336
57,63.0
56,61.75
53,58.25
48,57.333333333333336
71,57.333333333333336
54,48.916666666666664
128,54.5
117,62.25
48,64.33333333333333
70,69.08333333333333
94,69.91666666666667
101,74.75
88,77.33333333333333
130,83.5
158,92.25
106,97.08333333333333
164,104.83333333333333
129,111.08333333333333
58,105.25
30,98.0
13,95.08333333333333
42,92.75
66,90.41666666666667
70,87.83333333333333
123,90.75
92,87.58333333333333
58,79.25
81,77.16666666666667
62,68.66666666666667
93,65.66666666666667
116,70.5
119,77.91666666666667
52,81.16666666666667
98,85.83333333333333
72,86.33333333333333
81,87.25
106,85.83333333333333
81,84.91666666666667
97,88.16666666666667
80,88.08333333333333
81,89.66666666666667
93,89.66666666666667
45,83.75
59,78.75
24,76.41666666666667
23,70.16666666666667
72,70.16666666666667
80,70.08333333333333
50,65.41666666666667
71,64.58333333333333
41,59.916666666666664
82,60.083333333333336
68,59.0
66,56.75
130,63.833333333333336
53,63.333333333333336
38,64.5
72,68.58333333333333
65,68.0
71,67.25
67,68.66666666666667
123,73.0
91,77.16666666666667
57,75.08333333333333
104,78.08333333333333
92,80.25
88,76.75
14,73.5
20,72.0
33,68.75
62,68.5
77,69.0
76,69.75
83,66.41666666666667
43,62.416666666666664
73,63.75
65,60.5
64,58.166666666666664
86,58.0
66,62.333333333333336
48,64.66666666666667
86,69.08333333333333
63,69.16666666666667
64,68.08333333333333
89,69.16666666666667
119,72.16666666666667
156,81.58333333333333
80,82.16666666666667
139,88.33333333333333
100,91.33333333333333
119,94.08333333333333
37,91.66666666666667
2,87.83333333333333
27,82.91666666666667
61,82.75
91,85.0
92,85.25
92,83.0
62,75.16666666666667
63,73.75
94,70.0
71,67.58333333333333
115,67.25
79,70.75
41,74.0
73,77.83333333333333
77,79.16666666666667
83,78.5
91,78.41666666666667
108,79.75
98,82.75
95,85.41666666666667
113,87.0
92,88.75
71,85.08333333333333
18,80.0
17,78.0
18,73.41666666666667
84,74.0
80,73.75
102,74.66666666666667
102,74.16666666666667
49,70.08333333333333
85,69.25
87,67.08333333333333
55,64.0
120,68.08333333333333
84,73.58333333333333
60,77.16666666666667
55,80.25
89,80.66666666666667
103,82.58333333333333
193,90.16666666666667
197,98.08333333333333
234,113.5
103,115.0
119,117.66666666666667
108,122.08333333333333
89,119.5
24,114.5
15,110.75
18,107.66666666666667
84,107.25
77,105.08333333333333
48,93.0
94,84.41666666666667
47,68.83333333333333
86,67.41666666666667
75,63.75
78,61.25
107,62.75
39,64.0
46,66.58333333333333
77,71.5
79,71.08333333333333
69,70.41666666666667
100,74.75
66,72.41666666666667
112,77.83333333333333
71,76.58333333333333
78,76.83333333333333
121,80.41666666666667
48,75.5
25,74.33333333333333
7,71.08333333333333
14,65.83333333333333
60,64.25
58,63.333333333333336
59,59.916666666666664
51,58.666666666666664
45,53.083333333333336
48,51.166666666666664
61,49.75
65,45.083333333333336
107,50.0
71,53.833333333333336
57,58.0
69,62.583333333333336
74,63.75
72,64.91666666666667
135,71.25
126,77.5
157,86.83333333333333
85,89.91666666666667
143,96.75
166,105.16666666666667
70,102.08333333333333
38,99.33333333333333
29,97.0
42,94.75
62,93.75
63,93.0
103,90.33333333333333
84,86.83333333333333
42,77.25
69,75.91666666666667
69,69.75
68,61.583333333333336
122,65.91666666666667
66,68.25
62,71.0
90,75.0
59,74.75
93,77.25
65,74.08333333333333
83,74.0
90,78.0
63,77.5
105,80.5
64,80.16666666666667
60,75.0
16,70.83333333333333
31,68.25
47,64.66666666666667
74,65.91666666666667
55,62.75
95,65.25
77,64.75
55,61.833333333333336
66,62.083333333333336
62,58.5
60,58.166666666666664
124,63.5
64,67.5
44,68.58333333333333
76,71.0
77,71.25
77,73.08333333333333
95,73.08333333333333
107,75.58333333333333
102,79.5
120,84.0
139,90.41666666666667
79,92.0
77,88.08333333333333
13,83.83333333333333
4,80.5
21,75.91666666666667
64,74.83333333333333
80,75.08333333333333
110,76.33333333333333
103,76.0
39,70.75
44,64.41666666666667
111,62.083333333333336
116,65.16666666666667
121,68.83333333333333
55,72.33333333333333
46,75.83333333333333
81,80.83333333333333
83,82.41666666666667
123,86.0
118,86.66666666666667
144,90.08333333333333
125,97.25
98,101.75
146,104.66666666666667
128,105.66666666666667
96,103.58333333333333
30,101.5
8,98.33333333333333
28,93.91666666666667
76,93.33333333333333
92,90.75
67,86.5
111,83.75
55,77.91666666666667
72,75.75
95,71.5
75,67.08333333333333
164,72.75
91,77.83333333333333
46,81.0
90,86.16666666666667
143,91.75
149,96.5
105,99.66666666666667
107,99.33333333333333
117,104.5
80,105.16666666666667
171,111.5
96,113.25
56,104.25
28,99.0
6,95.66666666666667
34,91.0
90,86.58333333333333
119,84.08333333333333
149,87.75
74,85.0
56,79.91666666666667
76,79.58333333333333
73,71.41666666666667
56,68.08333333333333
121,73.5
80,77.83333333333333
72,83.33333333333333
129,91.25
148,96.08333333333333
146,98.33333333333333
176,100.58333333333333
152,107.08333333333333
166,116.25
158,123.08333333333333
174,131.5
136,138.16666666666666
101,136.5
34,132.66666666666666
7,127.25
35,119.41666666666667
84,114.08333333333333
89,109.33333333333333
80,101.33333333333333
77,95.08333333333333
32,83.91666666666667
80,77.41666666666667
94,70.75
99,67.66666666666667
101,67.66666666666667
55,69.41666666666667
52,73.16666666666667
75,76.5
85,76.58333333333333
94,77.0
75,76.58333333333333
76,76.5
123,84.08333333333333
73,83.5
106,84.5
68,81.91666666666667
85,80.58333333333333
51,80.25
6,76.41666666666667
12,71.16666666666667
57,68.83333333333333
68,66.66666666666667
77,66.83333333333333
42,64.0
40,57.083333333333336
62,56.166666666666664
88,54.666666666666664
81,55.75
100,57.0
63,58.0
37,60.583333333333336
84,66.58333333333333
78,68.33333333333333
77,69.08333333333333
111,71.91666666666667
113,77.83333333333333
157,87.58333333333333
78,88.91666666666667
186,97.08333333333333
155,103.25
107,103.83333333333333
28,100.91666666666667
9,98.58333333333333
27,93.83333333333333
70,93.16666666666667
96,94.75
107,94.41666666666667
121,95.08333333333333
65,87.41666666666667
68,86.58333333333333
89,78.5
97,73.66666666666667
97,72.83333333333333
96,78.5
40,81.08333333333333
87,86.08333333333333
67,85.83333333333333
90,85.33333333333333
84,83.41666666666667
61,78.41666666666667
78,79.5
74,80.0
80,79.25
61,76.25
40,71.5
32,66.16666666666667
4,63.166666666666664
26,58.083333333333336
61,57.583333333333336
74,56.25
70,55.083333333333336
51,54.25
95,55.666666666666664
69,55.25
43,52.166666666666664
74,53.25
107,58.833333333333336
70,62.0
67,67.25
57,69.83333333333333
54,69.25
77,69.5
61,68.75
115,74.08333333333333
93,73.91666666666667
65,73.58333333333333
91,77.58333333333333
44,75.08333333333333
45,69.91666666666667
56,68.75
13,64.25
8,60.166666666666664
63,60.916666666666664
81,61.25
77,62.583333333333336
73,59.083333333333336
82,58.166666666666664
89,60.166666666666664
56,57.25
59,58.5
106,63.583333333333336
88,66.25
53,69.58333333333333
102,77.41666666666667
98,80.33333333333333
115,83.16666666666667
79,83.33333333333333
85,84.33333333333333
137,88.91666666666667
61,86.58333333333333
101,90.33333333333333
92,93.08333333333333
142,96.08333333333333
48,92.75
6,88.83333333333333
17,81.75
71,79.5
91,77.5
73,77.0
88,77.25
65,71.25
70,72.0
77,70.0
71,68.25
101,64.83333333333333
80,67.5
36,70.0
62,73.75
75,74.08333333333333
107,75.41666666666667
93,77.08333333333333
129,80.5
118,84.91666666666667
77,85.5
111,88.33333333333333
132,93.41666666666667
65,90.41666666666667
50,87.91666666666667
22,86.75
27,83.83333333333333
115,87.16666666666667
92,85.91666666666667
93,85.91666666666667
124,85.5
69,81.41666666666667
85,82.08333333333333
48,76.83333333333333
46,69.66666666666667
72,70.25
103,74.66666666666667
60,77.83333333333333
44,79.25
73,75.75
106,76.91666666666667
124,79.5
100,77.5
186,87.25
87,87.41666666666667
126,93.91666666666667
85,97.16666666666667
95,99.08333333333333
44,94.16666666666667
25,91.25
26,89.75
58,88.5
78,86.16666666666667
85,82.91666666666667
59,79.5
52,68.33333333333333
53,65.5
69,60.75
66,59.166666666666664
97,59.333333333333336
48,59.666666666666664
43,61.166666666666664
47,62.916666666666664
56,62.75
78,62.75
78,62.166666666666664
84,64.25
107,68.83333333333333
61,69.5
55,68.33333333333333
97,70.91666666666667
70,68.66666666666667
27,66.91666666666667
14,64.5
24,62.583333333333336
52,62.25
57,60.5
53,58.416666666666664
44,55.083333333333336
87,53.416666666666664
77,54.75
68,55.833333333333336
70,53.583333333333336
90,55.25
65,58.416666666666664
45,61.0
64,64.33333333333333
52,64.33333333333333
76,65.91666666666667
90,69.0
124,75.66666666666667
176,83.08333333333333
69,82.41666666666667
133,87.83333333333333
115,91.58333333333333
85,91.16666666666667
39,89.0
18,86.75
20,83.08333333333333
57,83.5
112,86.5
88,86.33333333333333
103,84.58333333333333
71,75.83333333333333
69,75.83333333333333
86,71.91666666666667
52,66.66666666666667
84,66.58333333333333
88,70.66666666666667
47,73.08333333333333
36,74.41666666666667
80,76.33333333333333
75,73.25
92,73.58333333333333
73,71.08333333333333
89,72.58333333333333
47,70.75
81,70.33333333333333
49,70.08333333333333
43,66.66666666666667
76,65.66666666666667
24,63.75
6,61.25
58,59.416666666666664
66,58.666666666666664
91,58.583333333333336
57,57.25
59,54.75
33,53.583333333333336
55,51.416666666666664
69,53.083333333333336
113,58.916666666666664
78,59.083333333333336
60,62.083333333333336
33,64.33333333333333
66,65.0
81,66.25
57,63.416666666666664
102,67.16666666666667
123,72.5
54,74.25
90,77.16666666666667
82,78.25
55,73.41666666666667
24,68.91666666666667
12,64.91666666666667
47,66.08333333333333
83,67.5
83,67.66666666666667
82,69.75
73,67.33333333333333
72,63.083333333333336
65,64.0
67,62.083333333333336
65,60.666666666666664
99,64.33333333333333
66,67.83333333333333
50,71.0
84,74.08333333333333
99,75.41666666666667
89,75.91666666666667
75,75.33333333333333
48,73.25
156,80.25
100,83.16666666666667
101,86.0
102,89.08333333333333
83,87.75
34,85.08333333333333
15,82.16666666666667
34,78.0
78,76.25
104,77.5
87,78.5
82,81.33333333333333
61,73.41666666666667
52,69.41666666666667
62,66.16666666666667
61,62.75
101,64.25
113,70.83333333333333
58,74.41666666666667
48,75.58333333333333
61,74.16666666666667
86,72.66666666666667
94,73.25
107,75.33333333333333
159,83.5
69,84.91666666666667
142,91.58333333333333
110,95.66666666666667
83,94.16666666666667
36,87.75
12,83.91666666666667
16,81.25
76,82.5
116,85.0
124,87.5
117,88.33333333333333
72,81.08333333333333
78,81.83333333333333
85,77.08333333333333
80,74.58333333333333
121,77.75
82,81.58333333333333
76,86.91666666666667
67,91.16666666666667
85,91.91666666666667
114,91.75
106,90.25
53,84.91666666666667
147,91.16666666666667
118,94.5
138,98.91666666666667
73,98.33333333333333
92,95.91666666666667
64,94.41666666666667
20,89.75
32,86.83333333333333
103,88.33333333333333
89,86.25
65,82.83333333333333
74,84.58333333333333
91,79.91666666666667
86,77.25
90,73.25
97,75.25
86,74.75
98,77.58333333333333
63,81.16666666666667
98,86.66666666666667
119,88.0
88,87.91666666666667
110,91.66666666666667
114,95.0
194,103.58333333333333
83,103.33333333333333
101,104.25
106,105.0
88,105.16666666666667
82,103.83333333333333
15,99.83333333333333
51,95.91666666666667
74,92.16666666666667
80,91.5
74,88.5
60,84.0
108,76.83333333333333
75,76.16666666666667
91,75.33333333333333
114,76.0
97,76.75
95,77.83333333333333
35,79.5
51,79.5
50,77.5
84,77.83333333333333
66,77.16666666666667
104,80.83333333333333
152,84.5
124,88.58333333333333
113,90.41666666666667
116,90.58333333333333
101,90.91666666666667
68,88.66666666666667
46,89.58333333333333
17,86.75
58,87.41666666666667
72,86.41666666666667
78,87.41666666666667
71,84.66666666666667
60,77.0
68,72.33333333333333
56,67.58333333333333
69,63.666666666666664
79,61.833333333333336
79,62.75
51,63.166666666666664
62,66.91666666666667
60,67.08333333333333
105,69.83333333333333
90,70.83333333333333
87,72.16666666666667
142,79.0
109,82.41666666666667
111,87.0
75,87.5
83,87.83333333333333
55,85.83333333333333
21,83.33333333333333
31,80.75
76,82.08333333333333
52,77.66666666666667
83,77.08333333333333
59,74.75
51,67.16666666666667
73,64.16666666666667
89,62.333333333333336
69,61.833333333333336
129,65.66666666666667
104,69.75
80,74.66666666666667
79,78.66666666666667
112,81.66666666666667
120,87.33333333333333
86,87.58333333333333
183,97.91666666666667
188,109.33333333333333
97,111.33333333333333
229,123.0
103,125.83333333333333
130,125.91666666666667
34,120.08333333333333
57,118.16666666666667
48,115.58333333333333
86,113.41666666666667
112,112.75
76,111.91666666666667
66,102.16666666666667
87,93.75
84,92.66666666666667
80,80.25
83,78.58333333333333
118,77.58333333333333
72,80.75
57,80.75
105,85.5
96,86.33333333333333
104,85.66666666666667
70,85.16666666666667
69,85.41666666666667
162,91.66666666666667
58,89.5
148,95.16666666666667
115,97.83333333333333
117,97.75
36,94.75
19,91.58333333333333
31,85.41666666666667
66,82.91666666666667
84,81.25
94,83.25
63,82.75
101,77.66666666666667
66,78.33333333333333
55,70.58333333333333
78,67.5
107,66.66666666666667
124,74.0
42,75.91666666666667
43,76.91666666666667
109,80.5
99,81.75
79,80.5
119,85.16666666666667
124,87.08333333333333
89,89.0
120,94.41666666666667
89,95.33333333333333
103,95.0
79,91.25
26,89.91666666666667
27,88.58333333333333
69,85.25
74,83.16666666666667
122,86.75
81,83.58333333333333
64,78.58333333333333
103,79.75
94,77.58333333333333
90,77.66666666666667
113,78.5
111,81.16666666666667
81,85.75
106,92.33333333333333
110,95.75
101,98.0
110,97.0
91,97.83333333333333
104,101.16666666666667
106,101.41666666666667
173,108.0
115,110.08333333333333
100,109.0
76,106.08333333333333
21,101.08333333333333
37,95.33333333333333
73,92.25
89,91.25
59,87.0
79,86.0
32,80.0
66,76.66666666666667
92,69.91666666666667
93,68.08333333333333
143,71.66666666666667
73,71.41666666666667
83,76.58333333333333
70,79.33333333333333
50,77.41666666666667
81,76.75
74,78.0
103,80.0
131,88.25
92,90.41666666666667
83,89.66666666666667
97,90.0
100,86.41666666666667
67,85.91666666666667
18,80.5
48,78.66666666666667
73,80.58333333333333
62,79.0
79,79.41666666666667
54,75.33333333333333
88,71.75
50,68.25
91,68.91666666666667
91,68.41666666666667
156,73.08333333333333
124,77.83333333333333
37,79.41666666666667
78,81.91666666666667
71,81.75
83,83.5
67,82.5
102,86.5
182,94.33333333333333
118,100.0
101,100.83333333333333
144,105.25
102,100.75
74,96.58333333333333
25,95.58333333333333
44,92.75
85,93.91666666666667
104,95.66666666666667
114,99.58333333333333
90,98.58333333333333
70,89.25
86,86.58333333333333
81,84.91666666666667
117,82.66666666666667
95,82.08333333333333
75,82.16666666666667
85,87.16666666666667
82,90.33333333333333
75,89.5
100,89.16666666666667
85,86.75
119,89.16666666666667
93,91.08333333333333
61,89.0
90,89.75
102,88.5
97,88.66666666666667
32,85.08333333333333
11,78.91666666666667
23,74.0
87,75.0
103,75.25
69,73.91666666666667
61,69.08333333333333
51,65.58333333333333
67,66.08333333333333
72,64.58333333333333
70,61.916666666666664
111,63.083333333333336
125,70.83333333333333
82,76.75
47,78.75
57,76.25
88,75.0
64,74.58333333333333
86,76.66666666666667
126,82.91666666666667
95,85.25
137,90.66666666666667
93,92.58333333333333
115,92.91666666666667
52,86.83333333333333
95,87.91666666666667
24,86.0
79,87.83333333333333
64,85.83333333333333
90,88.0
58,85.66666666666667
43,78.75
96,78.83333333333333
73,73.5
53,70.16666666666667
107,69.5
103,73.75
70,71.66666666666667
106,78.5
84,78.91666666666667
97,81.66666666666667
76,80.5
107,84.58333333333333
134,92.16666666666667
118,94.0
97,96.0
124,101.91666666666667
110,102.16666666666667
40,96.91666666666667
19,92.66666666666667
35,86.75
92,87.41666666666667
57,84.08333333333333
78,84.25
78,81.83333333333333
82,77.5
50,71.83333333333333
32,66.41666666666667
55,60.666666666666664
92,59.166666666666664
100,64.16666666666667
81,69.33333333333333
40,69.75
66,67.58333333333333
92,70.5
78,70.5
73,70.08333333333333
185,78.66666666666667
95,82.41666666666667
102,88.25
74,89.83333333333333
122,92.33333333333333
38,87.16666666666667
24,82.41666666666667
34,81.91666666666667
73,82.5
114,84.33333333333333
127,88.41666666666667
69,88.08333333333333
57,77.41666666666667
96,77.5
89,76.41666666666667
75,76.5
103,74.91666666666667
107,80.66666666666667
69,84.41666666666667
82,88.41666666666667
110,91.5
99,90.25
147,91.91666666666667
109,95.25
172,104.83333333333333
118,106.66666666666667
155,112.16666666666667
126,116.41666666666667
93,115.58333333333333
60,111.66666666666667
40,109.25
29,104.83333333333333
74,101.83333333333333
118,103.41666666666667
132,102.16666666666667
64,98.41666666666667
67,89.66666666666667
69,85.58333333333333
65,78.08333333333333
95,75.5
140,79.41666666666667
88,81.75
44,82.08333333333333
81,86.41666666666667
66,85.75
59,80.83333333333333
90,77.33333333333333
111,81.25
127,86.25
64,85.83333333333333
59,85.33333333333333
86,84.58333333333333
164,86.58333333333333
93,87.0
29,85.75
22,80.83333333333333
64,80.66666666666667
94,83.58333333333333
60,81.08333333333333
51,76.08333333333333
74,71.66666666666667
42,69.83333333333333
107,73.83333333333333
122,76.83333333333333
154,76.0
103,76.83333333333333
51,78.66666666666667
96,84.83333333333333
84,86.5
105,87.41666666666667
124,92.75
100,96.83333333333333
154,103.5
119,109.91666666666667
82,107.83333333333333
116,107.33333333333333
115,104.08333333333333
92,103.16666666666667
50,103.08333333333333
36,98.08333333333333
96,99.08333333333333
101,98.75
100,96.75
99,96.66666666666667
56,88.5
93,86.33333333333333
85,86.58333333333333
104,85.58333333333333
106,84.83333333333333
97,85.25
61,86.16666666666667
63,88.41666666666667
47,84.33333333333333
71,81.83333333333333
89,80.91666666666667
121,82.75
104,86.75
99,87.25
95,88.08333333333333
93,87.16666666666667
89,85.75
17,79.08333333333333
39,77.25
41,75.41666666666667
62,76.66666666666667
83,77.66666666666667
93,78.0
65,73.33333333333333
66,70.16666666666667
57,66.66666666666667
73,64.83333333333333
102,65.58333333333333
117,67.91666666666667
104,75.16666666666667
83,78.83333333333333
82,82.25
73,83.16666666666667
79,82.83333333333333
100,83.41666666666667
116,87.66666666666667
134,93.33333333333333
89,96.0
124,100.25
128,102.41666666666667
121,102.75
69,99.83333333333333
35,95.83333333333333
31,91.58333333333333
102,94.0
92,95.08333333333333
97,94.83333333333333
99,93.41666666666667
89,89.66666666666667
96,90.25
75,86.16666666666667
59,80.41666666666667
158,83.5
103,86.33333333333333
65,88.83333333333333
126,96.75
91,95.83333333333333
96,96.16666666666667
97,96.16666666666667
106,96.75
162,102.83333333333333
84,101.83333333333333
155,108.5
109,112.66666666666667
108,108.5
56,104.58333333333333
42,102.66666666666667
31,94.75
66,92.66666666666667
59,89.58333333333333
71,87.41666666666667
91,86.16666666666667
104,81.33333333333333
49,78.41666666666667
58,70.33333333333333
70,67.08333333333333
135,69.33333333333333
103,73.25
51,74.0
65,76.83333333333333
98,79.5
136,85.91666666666667
73,86.08333333333333
107,87.41666666666667
161,92.16666666666667
87,95.33333333333333
100,98.83333333333333
91,100.58333333333333
95,97.25
40,92.0
36,90.75
28,87.66666666666667
59,84.41666666666667
124,83.41666666666667
106,86.16666666666667
84,84.25
77,77.25
106,78.83333333333333
78,77.0
64,74.75
134,78.0
115,84.25
96,89.25
86,94.08333333333333
85,96.25
76,92.25
167,97.33333333333333
103,98.91666666666667
148,104.83333333333333
156,109.0
151,115.08333333333333
142,121.58333333333333
146,122.58333333333333
39,116.25
22,110.08333333333333
24,104.91666666666667
103,106.41666666666667
111,109.33333333333333
70,101.25
65,98.08333333333333
57,90.5
58,82.33333333333333
87,77.0
89,72.58333333333333
129,71.16666666666667
98,76.08333333333333
47,78.16666666666667
114,85.66666666666667
79,83.66666666666667
99,82.66666666666667
70,82.66666666666667
134,88.41666666666667
104,92.33333333333333
84,94.5
100,95.58333333333333
89,95.58333333333333
108,93.83333333333333
59,90.58333333333333
38,89.83333333333333
35,83.25
76,83.0
72,80.75
83,81.83333333333333
49,74.75
111,75.33333333333333
87,75.58333333333333
95,75.16666666666667
89,75.16666666666667
161,79.58333333333333
120,84.66666666666667
50,85.66666666666667
87,90.0
89,91.08333333333333
93,92.83333333333333
103,94.5
108,99.41666666666667
188,105.83333333333333
147,110.83333333333333
126,113.41666666666667
148,118.33333333333333
151,117.5
37,110.58333333333333
33,109.16666666666667
31,104.5
104,105.75
84,105.0
133,107.5
66,104.0
81,95.08333333333333
108,91.83333333333333
79,87.91666666666667
115,85.16666666666667
85,79.66666666666667
103,85.16666666666667
54,86.91666666666667
96,92.33333333333333
89,91.08333333333333
83,91.0
71,85.83333333333333
121,90.41666666666667
149,96.08333333333333
121,97.16666666666667
103,99.16666666666667
104,98.25
63,96.41666666666667
40,91.16666666666667
34,89.5
65,86.91666666666667
50,83.66666666666667
61,81.83333333333333
91,83.5
93,81.16666666666667
81,75.5
58,70.25
79,68.25
95,67.5
130,73.08333333333333
108,78.75
78,82.41666666666667
95,84.91666666666667
61,85.83333333333333
90,88.25
65,86.08333333333333
145,90.41666666666667
142,95.5
101,99.08333333333333
109,101.58333333333333
94,101.5
104,99.33333333333333
54,94.83333333333333
30,90.83333333333333
31,85.5
104,89.08333333333333
96,89.58333333333333
83,91.08333333333333
80,85.66666666666667
85,80.91666666666667
80,79.16666666666667
74,76.25
72,74.41666666666667
148,78.08333333333333
107,82.5
53,84.41666666666667
107,90.75
90,89.58333333333333
96,89.58333333333333
103,91.25
110,93.75
157,99.75
94,100.91666666666667
116,104.41666666666667
129,109.16666666666667
89,104.25
62,100.5
11,97.0
31,90.66666666666667
69,88.91666666666667
108,89.91666666666667
91,88.91666666666667
110,88.91666666666667
102,84.33333333333333
70,82.33333333333333
69,78.41666666666667
89,75.08333333333333
129,78.41666666666667
114,82.75
54,86.33333333333333
77,90.16666666666667
64,89.75
114,90.25
76,89.0
127,90.41666666666667
166,95.75
59,94.83333333333333
146,101.25
57,98.58333333333333
75,94.08333333333333
82,91.41666666666667
89,94.33333333333333
27,90.16666666666667
94,92.66666666666667
70,89.0
123,92.91666666666667
90,89.83333333333333
90,83.5
137,90.0
87,85.08333333333333
73,86.41666666666667
130,91.0
110,93.33333333333333
122,96.08333333333333
74,100.0
100,100.5
95,102.58333333333333
127,102.91666666666667
107,104.33333333333333
190,112.66666666666667
127,111.83333333333333
154,117.41666666666667
114,120.83333333333333
147,122.25
48,117.08333333333333
24,108.91666666666667
27,105.0
83,103.58333333333333
128,106.33333333333333
85,102.83333333333333
81,100.66666666666667
61,89.91666666666667
62,84.5
110,80.83333333333333
114,80.83333333333333
114,78.08333333333333
60,79.08333333333333
52,81.41666666666667
82,86.0
76,85.41666666666667
72,80.75
91,81.25
119,84.41666666666667
99,87.58333333333333
94,90.25
109,90.16666666666667
192,96.66666666666667
82,94.0
73,95.08333333333333
44,94.41666666666667
36,90.58333333333333
80,90.91666666666667
77,91.33333333333333
84,90.75
40,84.16666666666667
94,83.75
64,81.25
123,82.41666666666667
130,77.25
110,79.58333333333333
108,82.5
82,85.66666666666667
64,88.0
55,85.91666666666667
105,88.25
72,87.25
105,92.66666666666667
129,95.58333333333333
128,100.91666666666667
142,102.5
118,101.5
110,101.5
61,97.58333333333333
13,91.83333333333333
38,89.66666666666667
92,92.75
95,91.91666666666667
122,96.08333333333333
73,93.41666666666667
101,91.08333333333333
115,90.0
78,84.66666666666667
122,85.0
93,83.58333333333333
98,86.66666666666667
78,92.08333333333333
76,95.25
59,92.5
78,91.08333333333333
82,87.75
125,92.08333333333333
127,94.25
107,93.58333333333333
120,97.08333333333333
104,95.58333333333333
113,97.25
56,93.75
37,90.33333333333333
53,88.41666666666667
68,89.16666666666667
132,93.66666666666667
103,95.41666666666667
98,93.16666666666667
72,88.58333333333333
77,86.08333333333333
97,84.16666666666667
80,82.16666666666667
120,82.75
108,87.08333333333333
74,90.16666666666667
89,93.16666666666667
64,92.83333333333333
115,91.41666666666667
137,94.25
94,93.91666666666667
172,102.25
84,102.83333333333333
152,107.41666666666667
117,110.5
153,113.25
77,110.66666666666667
81,111.25
28,106.16666666666667
76,107.16666666666667
104,106.25
101,103.25
95,103.33333333333333
59,93.91666666666667
126,97.41666666666667
102,93.25
98,91.66666666666667
76,85.25
184,94.16666666666667
80,94.08333333333333
76,98.08333333333333
92,99.41666666666667
94,98.58333333333333
93,97.91666666666667
96,98.0
129,103.83333333333333
145,105.41666666666667
107,105.83333333333333
160,111.0
110,113.83333333333333
49,102.58333333333333
24,97.91666666666667
34,94.41666666666667
87,94.0
108,95.16666666666667
116,97.08333333333333
80,95.75
126,95.5
80,90.08333333333333
65,86.58333333333333
80,79.91666666666667
127,81.33333333333333
128,87.91666666666667
59,90.83333333333333
83,94.91666666666667
85,94.75
91,93.33333333333333
109,92.75
129,96.83333333333333
172,100.66666666666667
80,100.66666666666667
153,108.0
93,109.08333333333333
94,106.33333333333333
42,99.16666666666667
91,101.83333333333333
46,98.75
73,97.75
122,100.33333333333333
114,100.75
86,97.16666666666667
82,89.66666666666667
107,91.91666666666667
112,88.5
78,87.25
112,88.75
130,96.08333333333333
105,97.25
140,105.08333333333333
97,107.08333333333333
137,108.33333333333333
140,110.5
117,113.08333333333333
203,123.16666666666667
149,126.66666666666667
180,132.33333333333334
141,137.58333333333334
124,138.58333333333334
66,133.25
34,127.33333333333333
40,119.0
74,117.08333333333333
139,117.25
102,114.08333333333333
107,113.25
74,102.5
64,95.41666666666667
86,87.58333333333333
109,84.91666666666667
168,88.58333333333333
110,92.25
63,94.66666666666667
74,97.5
77,97.75
104,94.83333333333333
119,96.25
95,95.25
162,102.58333333333333
76,103.58333333333333
128,107.08333333333333
81,104.75
96,98.75
74,95.75
48,94.5
36,91.33333333333333
73,91.0
92,90.0
61,85.16666666666667
62,82.41666666666667
108,77.91666666666667
73,77.66666666666667
116,76.66666666666667
106,78.75
145,82.83333333333333
133,87.75
73,89.83333333333333
87,94.08333333333333
100,96.33333333333333
85,95.75
98,98.83333333333333
100,102.0
224,111.66666666666667
109,114.66666666666667
126,115.5
136,118.0
187,121.5
64,115.75
15,110.91666666666667
82,110.5
75,108.41666666666667
143,113.25
112,114.41666666666667
122,116.25
79,104.16666666666667
90,102.58333333333333
64,97.41666666666667
94,93.91666666666667
124,88.66666666666667
123,93.58333333333333
59,97.25
94,98.25
61,97.08333333333333
111,94.41666666666667
85,92.16666666666667
102,90.5
131,94.83333333333333
123,97.58333333333333
102,100.75
99,101.16666666666667
104,99.5
84,96.25
11,92.25
66,89.91666666666667
78,91.33333333333333
108,91.08333333333333
79,90.58333333333333
121,92.16666666666667
66,86.75
49,80.58333333333333
74,78.25
97,78.08333333333333
57,74.16666666666667
120,77.16666666666667
94,84.08333333333333
105,87.33333333333333
89,88.25
82,86.08333333333333
56,84.16666666666667
101,82.5
159,90.25
54,90.66666666666667
130,95.33333333333333
120,97.25
161,105.91666666666667
35,98.83333333333333
65,96.41666666666667
69,93.41666666666667
74,92.16666666666667
117,95.08333333333333
107,99.33333333333333
104,99.58333333333333
85,93.41666666666667
89,96.33333333333333
143,97.41666666666667
73,93.5
146,92.25
129,100.08333333333333
83,101.58333333333333
104,104.5
109,107.41666666666667
127,108.25
74,105.5
128,107.5
125,110.83333333333333
96,111.41666666666667
152,112.16666666666667
161,119.5
144,119.33333333333333
54,113.08333333333333
18,107.66666666666667
33,101.75
94,100.5
95,97.83333333333333
251,112.58333333333333
103,110.5
110,109.25
57,106.0
66,98.83333333333333
123,95.66666666666667
125,94.08333333333333
123,99.83333333333333
65,103.75
67,106.58333333333333
79,105.33333333333333
113,106.83333333333333
72,91.91666666666667
152,96.0
145,98.91666666666667
119,104.08333333333333
160,111.91666666666667
101,110.08333333333333
110,108.83333333333333
60,103.58333333333333
44,101.83333333333333
33,99.0
87,99.66666666666667
137,101.66666666666667
137,107.08333333333333
110,103.58333333333333
92,99.16666666666667
105,98.0
98,92.83333333333333
67,90.0
121,90.91666666666667
143,97.83333333333333
108,103.16666666666667
64,105.75
135,109.75
115,107.91666666666667
148,108.83333333333333
168,113.66666666666667
148,118.33333333333333
176,124.25
109,125.16666666666667
171,133.83333333333334
96,131.75
83,126.75
33,120.5
44,118.83333333333333
90,115.08333333333333
102,114.0
81,108.41666666666667
124,104.75
78,98.91666666666667
72,90.25
86,88.33333333333333
117,83.83333333333333
198,92.33333333333333
107,94.33333333333333
38,94.75
87,98.33333333333333
105,99.58333333333333
95,99.0
77,98.66666666666667
143,100.25
156,106.75
91,108.33333333333333
97,109.25
128,110.16666666666667
149,106.08333333333333
43,100.75
61,102.66666666666667
40,98.75
55,94.58333333333333
74,92.83333333333333
54,90.91666666666667
80,85.66666666666667
148,85.0
77,83.83333333333333
114,85.25
114,84.08333333333333
136,83.0
128,90.08333333333333
52,89.33333333333333
55,90.58333333333333
99,94.25
104,96.75
105,101.0
155,107.25
245,115.33333333333333
135,120.16666666666667
182,125.83333333333333
123,126.58333333333333
124,125.58333333333333
102,123.41666666666667
39,122.33333333333333
36,120.75
88,119.83333333333333
152,123.83333333333333
94,122.91666666666667
136,121.33333333333333
118,110.75
93,107.25
86,99.25
118,98.83333333333333
127,99.08333333333333
136,101.91666666666667
73,104.75
105,110.5
92,110.83333333333333
119,108.08333333333333
104,108.91666666666667
79,104.16666666666667
165,108.08333333333333
149,112.75
101,114.0
144,116.16666666666667
104,114.25
66,108.41666666666667
30,104.83333333333333
103,104.66666666666667
68,102.66666666666667
114,102.25
94,101.41666666666667
88,102.16666666666667
93,96.16666666666667
64,89.08333333333333
116,90.33333333333333
114,87.83333333333333
112,88.5
120,93.0
118,100.33333333333333
81,98.5
82,99.66666666666667
113,99.58333333333333
73,97.83333333333333
110,99.66666666666667
161,105.33333333333333
74,106.16666666666667
145,108.58333333333333
142,110.91666666666667
124,111.91666666666667
69,107.66666666666667
65,103.25
60,101.5
66,100.16666666666667
122,100.91666666666667
95,102.75
93,101.33333333333333
83,94.83333333333333
99,96.91666666666667
95,92.75
119,90.83333333333333
134,91.66666666666667
121,96.0
68,96.25
137,102.66666666666667
111,106.41666666666667
110,105.41666666666667
84,104.5
138,108.25
149,113.75
73,111.58333333333333
197,120.08333333333333
141,121.91666666666667
131,121.66666666666667
83,118.5
21,114.58333333333333
39,106.41666666666667
80,103.83333333333333
138,106.16666666666667
142,111.0
86,106.66666666666667
102,102.75
70,102.5
53,90.5
104,87.41666666666667
142,88.33333333333333
113,90.83333333333333
84,96.08333333333333
71,98.75
69,97.83333333333333
90,93.83333333333333
105,90.75
117,93.33333333333333
222,103.33333333333333
108,106.5
161,115.5
131,117.75
109,115.0
64,110.91666666666667
78,110.41666666666667
44,108.16666666666667
89,109.83333333333333
139,113.91666666666667
149,117.58333333333333
110,117.0
118,108.33333333333333
144,111.33333333333333
61,103.0
113,101.5
162,105.91666666666667
160,113.91666666666667
76,113.75
86,117.25
131,120.75
133,120.25
213,125.58333333333333
122,126.58333333333333
192,132.75
195,137.0
145,144.0
132,145.58333333333334
215,150.0
91,144.25
44,141.58333333333334
39,137.66666666666666
73,132.83333333333334
113,131.16666666666666
108,122.41666666666667
104,120.91666666666667
75,111.16666666666667
63,100.16666666666667
98,96.25
150,97.75
138,91.33333333333333
145,95.83333333333333
68,97.83333333333333
95,102.5
90,103.91666666666667
140,106.16666666666667
92,104.83333333333333
120,106.16666666666667
165,113.66666666666667
102,116.91666666666667
136,120.08333333333333
101,116.0
184,119.83333333333333
80,114.41666666666667
41,112.16666666666667
24,106.25
62,103.91666666666667
98,100.41666666666667
68,98.41666666666667
60,93.41666666666667
108,88.66666666666667
116,89.83333333333333
135,89.75
119,91.25
178,90.75
131,95.0
89,99.0
89,104.41666666666667
114,108.75
84,107.58333333333333
135,113.16666666666667
177,122.91666666666667
216,131.91666666666666
142,134.08333333333334
223,141.41666666666666
155,144.41666666666666
140,141.25
119,140.25
21,134.58333333333334
32,129.83333333333334
86,127.5
120,130.5
131,130.16666666666666
117,125.16666666666667
96,115.16666666666667
105,112.08333333333333
84,100.5
91,95.16666666666667
127,94.08333333333333
156,97.16666666666667
78,101.91666666666667
125,109.66666666666667
76,108.83333333333333
122,109.0
111,107.33333333333333
101,106.0
179,112.91666666666667
156,117.16666666666667
135,121.41666666666667
186,129.33333333333334
130,129.58333333333334
70,122.41666666666667
63,121.16666666666667
48,114.75
60,113.41666666666667
112,112.58333333333333
134,114.5
119,116.0
85,108.16666666666667
58,100.0
75,95.0
99,87.75
100,85.25
112,88.75
42,87.0
85,90.08333333333333
98,93.25
131,94.83333333333333
124,94.0
125,94.5
182,102.58333333333333
98,105.91666666666667
133,110.75
95,110.41666666666667
122,112.25
61,108.0
88,111.83333333333333
43,108.33333333333333
66,105.66666666666667
131,105.66666666666667
75,101.58333333333333
90,98.66666666666667
72,89.5
93,89.08333333333333
88,85.33333333333333
113,86.83333333333333
165,90.41666666666667
138,96.83333333333333
50,93.66666666666667
123,100.33333333333333
96,102.83333333333333
110,101.08333333333333
67,100.41666666666667
130,103.75
151,110.33333333333333
152,115.25
178,122.75
164,127.0
117,123.0
66,117.0
18,114.33333333333333
31,106.66666666666667
84,105.66666666666667
102,105.0
122,109.58333333333333
72,104.75
84,99.16666666666667
98,94.66666666666667
68,85.5
68,77.5
127,78.33333333333333
144,84.83333333333333
61,88.41666666666667
63,91.08333333333333
105,92.83333333333333
124,94.66666666666667
76,90.83333333333333
170,99.0
178,106.83333333333333
130,109.5
125,114.25
78,115.08333333333333
172,118.83333333333333
51,111.08333333333333
86,113.16666666666667
54,112.41666666666667
87,110.91666666666667
114,110.08333333333333
159,117.0
105,111.58333333333333
96,104.75
106,102.75
75,98.58333333333333
96,100.08333333333333
140,97.41666666666667
142,105.0
91,105.41666666666667
91,108.5
87,108.5
123,109.25
170,110.16666666666667
123,111.66666666666667
169,117.75
134,120.08333333333333
223,132.41666666666666
149,136.83333333333334
131,136.08333333333334
69,130.0
45,126.16666666666667
23,120.5
120,123.25
129,123.75
82,116.41666666666667
97,114.25
96,108.16666666666667
39,100.25
105,90.41666666666667
107,86.91666666666667
166,89.83333333333333
128,94.75
61,96.08333333333333
98,102.33333333333333
83,99.25
98,96.66666666666667
86,97.0
131,99.83333333333333
123,102.08333333333333
114,108.33333333333333
147,111.83333333333333
119,112.83333333333333
122,109.16666666666667
92,106.16666666666667
21,102.83333333333333
26,96.83333333333333
83,96.83333333333333
92,96.33333333333333
78,95.66666666666667
62,89.91666666666667
86,86.83333333333333
84,84.33333333333333
94,79.91666666666667
139,81.58333333333333
148,83.75
124,86.41666666666667
42,88.16666666666667
83,92.91666666666667
90,93.5
101,94.25
97,95.83333333333333
144,102.66666666666667
248,116.16666666666667
170,123.33333333333333
104,124.16666666666667
184,127.91666666666667
185,131.0
50,124.83333333333333
26,123.5
42,120.08333333333333
77,119.0
136,121.91666666666667
124,124.16666666666667
131,123.08333333333333
87,109.66666666666667
104,104.16666666666667
98,103.66666666666667
117,98.08333333333333
204,99.66666666666667
133,106.58333333333333
85,111.5
104,116.66666666666667
67,115.83333333333333
98,112.66666666666667
101,110.75
119,109.75
156,115.5
101,115.25
125,117.5
121,117.83333333333333
108,109.83333333333333
50,102.91666666666667
46,99.66666666666667
44,94.66666666666667
79,95.66666666666667
120,97.5
99,97.33333333333333
71,93.33333333333333
115,89.91666666666667
100,89.83333333333333
74,85.58333333333333
111,84.75
99,84.0
101,88.25
84,91.41666666666667
89,95.16666666666667
87,95.83333333333333
101,94.25
86,93.16666666666667
103,95.83333333333333
230,105.41666666666667
154,109.91666666666667
157,116.83333333333333
104,116.25
104,116.66666666666667
86,115.41666666666667
60,113.41666666666667
27,108.25
113,110.41666666666667
122,112.16666666666667
130,115.83333333333333
110,116.41666666666667
85,104.33333333333333
99,99.75
80,93.33333333333333
85,91.75
196,99.41666666666667
95,100.16666666666667
58,100.0
96,105.75
127,106.91666666666667
130,107.58333333333333
99,105.0
122,106.0
156,111.91666666666667
127,114.25
211,125.16666666666667
114,127.58333333333333
144,123.25
63,120.58333333333333
34,118.58333333333333
28,112.91666666666667
78,108.83333333333333
139,109.58333333333333
149,113.75
85,110.66666666666667
123,107.91666666666667
79,103.91666666666667
65,91.75
80,88.91666666666667
150,89.41666666666667
178,99.0
90,103.66666666666667
88,108.66666666666667
80,108.83333333333333
144,109.25
98,105.0
127,108.5
212,115.91666666666667
105,118.08333333333333
201,129.41666666666666
80,129.41666666666666
122,127.08333333333333
47,116.16666666666667
44,112.33333333333333
62,110.16666666666667
67,109.08333333333333
81,103.83333333333333
153,108.41666666666667
167,111.75
112,103.41666666666667
117,104.41666666666667
92,95.33333333333333
106,97.5
174,101.83333333333333
138,109.41666666666667
131,116.66666666666667
98,119.66666666666667
114,123.58333333333333
143,128.75
188,131.66666666666666
162,131.25
249,142.66666666666666
226,151.75
175,158.66666666666666
171,164.08333333333334
126,160.08333333333334
55,153.16666666666666
56,146.91666666666666
33,141.5
106,140.83333333333334
120,138.91666666666666
140,134.91666666666666
81,128.16666666666666
63,112.66666666666667
53,98.25
73,89.75
143,87.41666666666667
174,91.41666666666667
122,97.0
62,97.5
102,103.25
84,101.41666666666667
105,100.16666666666667
89,95.91666666666667
155,102.08333333333333
174,111.33333333333333
177,121.66666666666667
157,128.66666666666666
136,128.08333333333334
111,122.83333333333333
51,116.91666666666667
22,113.58333333333333
24,107.08333333333333
97,108.16666666666667
108,108.41666666666667
108,110.0
81,103.83333333333333
123,99.58333333333333
120,94.83333333333333
104,90.41666666666667
149,91.5
153,95.0
115,100.33333333333333
78,105.0
82,109.83333333333333
98,109.91666666666667
135,112.16666666666667
118,113.0
185,121.66666666666667
160,124.75
273,137.5
437,165.25
168,166.83333333333334
143,166.0
83,163.33333333333334
66,162.33333333333334
39,158.75
91,158.16666666666666
137,158.33333333333334
156,161.5
144,158.08333333333334
92,152.41666666666666
119,139.58333333333334
102,111.66666666666667
175,112.25
144,112.33333333333333
152,118.08333333333333
104,121.25
91,125.58333333333333
82,124.83333333333333
160,126.75
104,122.41666666666667
134,121.58333333333333
139,125.5
231,134.83333333333334
108,135.33333333333334
190,136.58333333333334
139,136.16666666666666
47,127.41666666666667
45,122.5
54,119.41666666666667
91,120.16666666666667
135,118.08333333333333
155,122.33333333333333
162,124.66666666666667
114,122.58333333333333
64,108.66666666666667
112,109.0
116,102.83333333333333
111,100.5
152,109.25
98,113.66666666666667
109,118.25
84,117.66666666666667
119,116.33333333333333
81,110.16666666666667
212,114.33333333333333
211,122.41666666666667
98,125.25
157,129.0
102,127.83333333333333
137,130.0
85,124.41666666666667
36,119.25
28,112.5
92,113.16666666666667
131,114.16666666666667
166,121.25
120,113.58333333333333
90,103.5
90,102.83333333333333
107,98.66666666666667
103,98.75
219,105.58333333333333
165,112.25
96,117.25
129,125.66666666666667
125,128.41666666666666
214,135.33333333333334
123,131.75
119,131.66666666666666
202,141.0
185,148.91666666666666
187,155.58333333333334
166,160.83333333333334
185,158.0
121,154.33333333333334
35,149.25
32,141.16666666666666
120,140.75
145,135.0
161,138.16666666666666
113,137.66666666666666
121,130.91666666666666
69,121.25
64,111.0
110,106.33333333333333
190,106.75
191,112.58333333333333
111,118.91666666666667
103,124.83333333333333
89,122.25
121,120.25
143,118.75
123,119.58333333333333
213,127.25
173,135.91666666666666
195,146.83333333333334
141,149.41666666666666
202,150.41666666666666
78,141.0
43,135.33333333333334
69,132.5
103,133.66666666666666
123,133.83333333333334
160,135.25
115,134.58333333333334
97,124.91666666666667
118,120.33333333333333
126,114.58333333333333
104,111.5
204,111.66666666666667
165,118.91666666666667
139,126.91666666666667
84,128.16666666666666
126,130.08333333333334
144,131.83333333333334
167,132.41666666666666
155,135.75
281,151.08333333333334
216,159.25
254,169.91666666666666
194,177.41666666666666
104,169.08333333333334
96,163.33333333333334
55,156.33333333333334
41,152.75
108,151.25
178,154.08333333333334
117,149.91666666666666
115,146.58333333333334
86,130.33333333333334
44,116.0
113,104.25
146,100.25
129,102.33333333333333
107,103.25
71,104.58333333333333
114,110.66666666666667
88,109.0
118,104.0
94,102.08333333333333
164,106.16666666666667
179,113.91666666666667
93,118.0
134,119.75
169,121.66666666666667
143,122.83333333333333
73,120.0
26,116.25
49,110.83333333333333
79,110.08333333333333
127,110.83333333333333
90,110.5
67,102.41666666666667
117,97.25
134,100.66666666666667
113,98.91666666666667
167,98.75
147,99.08333333333333
210,110.5
73,114.41666666666667
114,119.83333333333333
116,122.91666666666667
93,120.08333333333333
121,122.66666666666667
167,131.0
200,137.91666666666666
272,149.41666666666666
462,178.5
224,183.25
273,193.75
118,186.08333333333334
47,183.91666666666666
44,178.08333333333334
94,176.25
122,178.66666666666666
146,180.75
152,179.5
91,170.41666666666666
122,157.91666666666666
112,128.75
223,128.66666666666666
172,120.25
111,119.66666666666667
122,125.91666666666667
152,134.91666666666666
77,133.5
153,136.08333333333334
170,138.08333333333334
167,139.33333333333334
173,146.16666666666666
239,155.91666666666666
142,158.41666666666666
219,158.08333333333334
216,161.75
48,156.5
64,151.66666666666666
45,142.75
91,143.91666666666666
113,140.58333333333334
141,138.16666666666666
140,135.91666666666666
108,130.5
68,116.25
121,114.5
125,106.66666666666667
128,99.33333333333333
161,108.75
94,111.25
105,116.25
93,116.41666666666667
160,120.33333333333333
105,117.33333333333333
178,120.5
240,131.5
112,135.16666666666666
197,141.5
154,143.91666666666666
127,143.83333333333334
76,136.75
80,135.58333333333334
68,132.5
96,132.75
136,130.75
109,131.08333333333334
114,125.75
69,111.5
119,112.08333333333333
145,107.75
92,102.58333333333333
174,106.5
184,115.5
116,118.5
121,122.91666666666667
130,125.75
137,125.83333333333333
115,126.33333333333333
124,127.16666666666667
188,137.08333333333334
198,143.66666666666666
203,148.5
205,157.91666666666666
133,154.5
70,145.0
36,138.33333333333334
38,131.41666666666666
113,130.0
135,129.83333333333334
150,132.75
124,132.75
143,129.0
88,119.83333333333333
112,112.25
122,105.33333333333333
180,109.25
187,119.0
160,129.33333333333334
82,133.0
95,131.5
182,135.41666666666666
130,133.75
170,137.58333333333334
247,146.25
174,153.41666666666666
154,156.91666666666666
103,155.33333333333334
93,148.08333333333334
19,134.08333333333334
68,126.41666666666667
38,122.75
95,122.75
170,121.75
205,128.0
151,126.41666666666667
118,115.66666666666667
144,113.16666666666667
88,107.66666666666667
117,108.83333333333333
188,116.75
170,129.33333333333334
137,135.08333333333334
113,141.33333333333334
179,148.33333333333334
166,148.0
242,151.08333333333334
173,152.91666666666666
273,165.83333333333334
246,174.33333333333334
160,180.33333333333334
187,186.16666666666666
196,186.83333333333334
118,182.5
74,177.25
22,169.66666666666666
108,163.75
196,166.25
126,156.58333333333334
103,150.75
114,137.5
63,122.25
130,119.75
150,116.66666666666667
182,115.5
158,118.83333333333333
123,122.91666666666667
123,131.33333333333334
105,131.08333333333334
162,128.25
155,130.66666666666666
174,136.58333333333334
281,150.5
156,158.25
148,159.75
267,169.5
114,163.83333333333334
40,154.0
33,146.5
50,140.41666666666666
124,142.0
147,140.75
136,139.16666666666666
96,132.66666666666666
151,121.83333333333333
89,116.25
164,117.58333333333333
142,107.16666666666667
143,109.58333333333333
169,120.33333333333333
127,128.16666666666666
126,134.5
122,134.33333333333334
107,131.0
145,131.75
238,143.58333333333334
263,152.91666666666666
222,164.0
408,184.33333333333334
208,189.83333333333334
295,202.5
62,193.58333333333334
31,185.58333333333334
37,178.16666666666666
131,178.91666666666666
174,184.5
170,186.58333333333334
164,180.41666666666666
125,168.91666666666666
137,161.83333333333334
126,138.33333333333334
195,137.25
165,126.41666666666667
182,136.41666666666666
111,143.08333333333334
152,152.66666666666666
96,149.75
152,147.91666666666666
173,148.16666666666666
157,147.58333333333334
192,153.16666666666666
133,152.83333333333334
133,153.41666666666666
157,150.25
106,145.33333333333334
55,134.75
65,130.91666666666666
71,124.16666666666667
159,129.41666666666666
195,133.0
183,133.83333333333334
141,132.5
131,127.41666666666667
113,125.75
134,125.83333333333333
184,128.08333333333334
148,131.58333333333334
211,144.58333333333334
113,148.58333333333334
111,151.91666666666666
94,146.5
189,146.0
160,144.08333333333334
179,147.25
234,155.83333333333334
152,159.08333333333334
163,161.5
126,156.66666666666666
136,155.66666666666666
55,142.66666666666666
36,136.25
60,132.0
163,137.75
143,133.91666666666666
183,135.83333333333334
179,135.83333333333334
167,130.25
135,128.83333333333334
196,131.58333333333334
163,134.66666666666666
220,141.66666666666666
159,150.33333333333334
120,157.33333333333334
169,166.41666666666666
191,168.75
170,171.0
177,170.5
265,177.66666666666666
216,181.75
217,188.58333333333334
232,191.58333333333334
193,194.08333333333334
186,191.25
56,182.66666666666666
13,173.75
39,162.91666666666666
166,160.83333333333334
226,165.5
227,169.66666666666666
156,160.58333333333334
173,157.0
154,151.75
91,140.0
156,136.91666666666666
254,142.58333333333334
342,166.41666666666666
177,180.08333333333334
72,182.83333333333334
142,180.83333333333334
198,178.5
158,172.75
246,180.25
276,188.83333333333334
194,192.16666666666666
230,203.75
99,199.0
268,200.16666666666666
78,178.16666666666666
35,166.33333333333334
46,164.16666666666666
182,167.5
203,167.91666666666666
191,170.66666666666666
167,164.08333333333334
136,152.41666666666666
166,150.08333333333334
133,142.0
116,143.41666666666666
197,137.5
217,149.08333333333334
207,163.41666666666666
136,170.91666666666666
154,168.58333333333334
159,164.91666666666666
223,167.58333333333334
205,170.75
